sample_name,Assey_Type,AvgSpotLen,Bases,BioProject,BioSample,Size,Colection_Date,Consent,Experiment,ScientificName,Specie,Zootechnic_mangement,Flowering_type,Contry,Continent,City,Latitud,Longitud,Model,LibraryName,LibrarySource,SRAStudy,Platform,ID,LibraryLayout,CenterName,Notas
SRR32962829,WGS,302,3741103822,PRJNA1245617,SAMN47760422,1235 Mb,11/06/2021,public,SRX28236500,honey metagenome,Apis mellifera,not colected,not colected,India,Asia,Sundarban,21.49,88.37,Illumina NovaSeq 6000,B,METAGENOMIC,SRP576164,ILLUMINA,Baen,PAIRED,BIDHAN CHANDRA KRISHI VISWAVIDYALAYA,hay dos muestras etiquetadas como estonia con coordenadas en finalndia SRR12632463 SRR12632503
SRR32962828,WGS,302,4449584044,PRJNA1245617,SAMN47760423,1408 Mb,10/06/2021,public,SRX28236501,honey metagenome,Apis mellifera,not colected,not colected,India,Asia,Sundarban,21.41,88.34,Illumina NovaSeq 6000,K,METAGENOMIC,SRP576164,ILLUMINA,Kholsi,PAIRED,BIDHAN CHANDRA KRISHI VISWAVIDYALAYA,las coordenadas de las pruevas de italia se tomaron por eleccion centricas pero no reflejan los datos reales
SRR32962827,WGS,302,3786296612,PRJNA1245617,SAMN47760424,1222 Mb,08/03/2021,public,SRX28236502,honey metagenome,Apis mellifera,not colected,not colected,India,Asia,Sundarban,21.35,88.32,Illumina NovaSeq 6000,T,METAGENOMIC,SRP576164,ILLUMINA,Tora,PAIRED,BIDHAN CHANDRA KRISHI VISWAVIDYALAYA,las doordenadas de las ciudades de españa se tomaron centricas pero no reflejan los datos
SRR12632460,WGS,212,644702942,PRJNA662672,SAMN16092455,244 Mb,01/08/2018,public,SRX9114737,honey metagenome,not colected,not colected,not colected,Finland,Europa,Tammela,60.79,23.85,NextSeq 500,NFI01_S1_,GENOMIC,SRP281932,ILLUMINA,NFI01,PAIRED,UNIVERSITY OF HELSINKI,
SRR12632459,WGS,177,464155371,PRJNA662672,SAMN16092456,172 Mb,01/08/2018,public,SRX9114738,honey metagenome,not colected,not colected,not colected,Finland,Europa,Tammela,60.79,23.85,NextSeq 500,NFI02_S2_,GENOMIC,SRP281932,ILLUMINA,NFI02,PAIRED,UNIVERSITY OF HELSINKI,
SRR12632458,WGS,159,412889949,PRJNA662672,SAMN16092457,152 Mb,01/08/2018,public,SRX9114739,honey metagenome,not colected,not colected,not colected,Finland,Europa,Ala-Vojakkala,65.91,24.13,NextSeq 500,NFI03_S3_,GENOMIC,SRP281932,ILLUMINA,NFI03,PAIRED,UNIVERSITY OF HELSINKI,
SRR12632463,WGS,216,661081349,PRJNA662672,SAMN16092467,248 Mb,01/08/2018,public,SRX9114734,honey metagenome,not colected,not colected,not colected,Finland,Europa,Leksvall,59.95,23.38,NextSeq 500,NES13_S13_,GENOMIC,SRP281932,ILLUMINA,NES13,PAIRED,UNIVERSITY OF HELSINKI,
SRR12632462,WGS,199,530998297,PRJNA662672,SAMN16092473,200 Mb,01/08/2018,public,SRX9114735,honey metagenome,not colected,not colected,not colected,Estonia,Europa,Lossiküla,57.9,26.31,NextSeq 500,NES19_S19_,GENOMIC,SRP281932,ILLUMINA,NES19,PAIRED,UNIVERSITY OF HELSINKI,
SRR12632461,WGS,186,108746950,PRJNA662672,SAMN16092474,40 Mb,01/08/2018,public,SRX9114736,honey metagenome,not colected,not colected,not colected,Estonia,Europa,Ebavere,59.11,26.23,NextSeq 500,NES20_S20_,GENOMIC,SRP281932,ILLUMINA,NES20,PAIRED,UNIVERSITY OF HELSINKI,
SRR12632465,WGS,185,552248594,PRJNA662672,SAMN16092499,202 Mb,01/08/2018,public,SRX9114732,honey metagenome,not colected,not colected,not colected,Sweden,Europa,Lulea,65.59,22.15,NextSeq 500,NSE18_S45_,GENOMIC,SRP281932,ILLUMINA,NSE18,PAIRED,UNIVERSITY OF HELSINKI,
SRR12632464,WGS,204,721022534,PRJNA662672,SAMN16092500,267 Mb,01/08/2018,public,SRX9114733,honey metagenome,not colected,not colected,not colected,Sweden,Europa,Vagdalen,63.58,16.28,NextSeq 500,NSE19_S46_,GENOMIC,SRP281932,ILLUMINA,NSE19,PAIRED,UNIVERSITY OF HELSINKI,
SRR12632469,WGS,177,455097501,PRJNA662672,SAMN16092472,170 Mb,01/08/2018,public,SRX9114728,honey metagenome,not colected,not colected,not colected,Estonia,Europa,Laane,58.31,26.65,NextSeq 500,NES18_S18_,GENOMIC,SRP281932,ILLUMINA,NES18,PAIRED,UNIVERSITY OF HELSINKI,
SRR12632470,WGS,149,238614785,PRJNA662672,SAMN16092495,90 Mb,01/08/2018,public,SRX9114727,honey metagenome,not colected,not colected,not colected,Sweden,Europa,Lulea,65.59,22.15,NextSeq 500,NSE14_S41_,GENOMIC,SRP281932,ILLUMINA,NSE14,PAIRED,UNIVERSITY OF HELSINKI,
SRR12632468,WGS,182,548996135,PRJNA662672,SAMN16092496,199 Mb,01/08/2018,public,SRX9114729,honey metagenome,not colected,not colected,not colected,Sweden,Europa,Lulea,65.9,22.45,NextSeq 500,NSE15_S42_,GENOMIC,SRP281932,ILLUMINA,NSE15,PAIRED,UNIVERSITY OF HELSINKI,
SRR12632467,WGS,186,574078962,PRJNA662672,SAMN16092497,211 Mb,01/08/2018,public,SRX9114730,honey metagenome,not colected,not colected,not colected,Sweden,Europa,Vagdalen,63.58,16.28,NextSeq 500,NSE16_S43_,GENOMIC,SRP281932,ILLUMINA,NSE16,PAIRED,UNIVERSITY OF HELSINKI,
SRR12632466,WGS,187,535418310,PRJNA662672,SAMN16092498,197 Mb,01/08/2018,public,SRX9114731,honey metagenome,not colected,not colected,not colected,Sweden,Europa,Lassbyn,66.05,21.81,NextSeq 500,NSE17_S44_,GENOMIC,SRP281932,ILLUMINA,NSE17,PAIRED,UNIVERSITY OF HELSINKI,
SRR12632475,WGS,217,632526893,PRJNA662672,SAMN16092490,240 Mb,01/08/2018,public,SRX9114722,honey metagenome,not colected,not colected,not colected,Sweden,Europa,Granna,58,14.44,NextSeq 500,NSE09_S36_,GENOMIC,SRP281932,ILLUMINA,NSE09,PAIRED,UNIVERSITY OF HELSINKI,
SRR12632474,WGS,219,648837669,PRJNA662672,SAMN16092491,244 Mb,01/08/2018,public,SRX9114723,honey metagenome,not colected,not colected,not colected,Sweden,Europa,Granna,58.01,14.57,NextSeq 500,NSE10_S37_,GENOMIC,SRP281932,ILLUMINA,NSE10,PAIRED,UNIVERSITY OF HELSINKI,
SRR12632473,WGS,196,549442536,PRJNA662672,SAMN16092492,206 Mb,01/08/2018,public,SRX9114724,honey metagenome,not colected,not colected,not colected,Sweden,Europa,Vanga,58.58,15.81,NextSeq 500,NSE11_S38_,GENOMIC,SRP281932,ILLUMINA,NSE11,PAIRED,UNIVERSITY OF HELSINKI,
SRR12632472,WGS,147,299573440,PRJNA662672,SAMN16092493,113 Mb,01/08/2018,public,SRX9114725,honey metagenome,not colected,not colected,not colected,Sweden,Europa,Vagdalen,63.58,16.28,NextSeq 500,NSE12_S39_,GENOMIC,SRP281932,ILLUMINA,NSE12,PAIRED,UNIVERSITY OF HELSINKI,
SRR12632471,WGS,193,435017054,PRJNA662672,SAMN16092494,163 Mb,01/08/2018,public,SRX9114726,honey metagenome,not colected,not colected,not colected,Sweden,Europa,Vagdalen,63.58,16.28,NextSeq 500,NSE13_S40_,GENOMIC,SRP281932,ILLUMINA,NSE13,PAIRED,UNIVERSITY OF HELSINKI,
SRR12632480,WGS,238,937494362,PRJNA662672,SAMN16092471,351 Mb,01/08/2018,public,SRX9114717,honey metagenome,not colected,not colected,not colected,Estonia,Europa,Laane,58.31,26.65,NextSeq 500,NES17_S17_,GENOMIC,SRP281932,ILLUMINA,NES17,PAIRED,UNIVERSITY OF HELSINKI,
SRR12632479,WGS,209,2021658819,PRJNA662672,SAMN16092486,763 Mb,01/08/2018,public,SRX9114718,honey metagenome,not colected,not colected,not colected,Sweden,Europa,Saltsjobaden,59.26,18.33,NextSeq 500,NSE05_S32_,GENOMIC,SRP281932,ILLUMINA,NSE05,PAIRED,UNIVERSITY OF HELSINKI,
SRR12632478,WGS,223,854453998,PRJNA662672,SAMN16092487,318 Mb,01/08/2018,public,SRX9114719,honey metagenome,not colected,not colected,not colected,Sweden,Europa,Saltsjobaden,59.26,18.33,NextSeq 500,NSE06_S33_,GENOMIC,SRP281932,ILLUMINA,NSE06,PAIRED,UNIVERSITY OF HELSINKI,
SRR12632477,WGS,206,526273777,PRJNA662672,SAMN16092488,197 Mb,01/08/2018,public,SRX9114720,honey metagenome,not colected,not colected,not colected,Sweden,Europa,Vaggeryd,57.49,14.15,NextSeq 500,NSE07_S34_,GENOMIC,SRP281932,ILLUMINA,NSE07,PAIRED,UNIVERSITY OF HELSINKI,
SRR12632476,WGS,198,538250566,PRJNA662672,SAMN16092489,204 Mb,01/08/2018,public,SRX9114721,honey metagenome,not colected,not colected,not colected,Sweden,Europa,Kimsta,59.61,18.01,NextSeq 500,NSE08_S35_,GENOMIC,SRP281932,ILLUMINA,NSE08,PAIRED,UNIVERSITY OF HELSINKI,
SRR12632485,WGS,165,423267045,PRJNA662672,SAMN16092481,161 Mb,01/08/2018,public,SRX9114712,honey metagenome,not colected,not colected,not colected,Finland,Europa,Helsinki,64.02,24.68,NextSeq 500,NFI27_S27_,GENOMIC,SRP281932,ILLUMINA,NFI27,PAIRED,UNIVERSITY OF HELSINKI,
SRR12632484,WGS,217,665084720,PRJNA662672,SAMN16092482,254 Mb,01/08/2018,public,SRX9114713,honey metagenome,not colected,not colected,not colected,Sweden,Europa,Drasa,58.72,15.43,NextSeq 500,NSE01_S28_,GENOMIC,SRP281932,ILLUMINA,NSE01,PAIRED,UNIVERSITY OF HELSINKI,
SRR12632483,WGS,211,8143812,PRJNA662672,SAMN16092483,3 Mb,01/08/2018,public,SRX9114714,honey metagenome,not colected,not colected,not colected,Sweden,Europa,Solna,59.36,18.03,NextSeq 500,NSE02_S29_,GENOMIC,SRP281932,ILLUMINA,NSE02,PAIRED,UNIVERSITY OF HELSINKI,
SRR12632482,WGS,213,677095055,PRJNA662672,SAMN16092484,258 Mb,01/08/2018,public,SRX9114715,honey metagenome,not colected,not colected,not colected,Sweden,Europa,Skals,57.09,18.26,NextSeq 500,NSE03_S30_,GENOMIC,SRP281932,ILLUMINA,NSE03,PAIRED,UNIVERSITY OF HELSINKI,
SRR12632481,WGS,234,797957454,PRJNA662672,SAMN16092485,304 Mb,01/08/2018,public,SRX9114716,honey metagenome,not colected,not colected,not colected,Sweden,Europa,Vamlingbo,56.95,18.24,NextSeq 500,NSE04_S31_,GENOMIC,SRP281932,ILLUMINA,NSE04,PAIRED,UNIVERSITY OF HELSINKI,
SRR12632490,WGS,240,826061676,PRJNA662672,SAMN16092476,304 Mb,01/08/2018,public,SRX9114707,honey metagenome,not colected,not colected,not colected,Finland,Europa,Ala-Vieksi,64.21,28.99,NextSeq 500,NFI22_S22_,GENOMIC,SRP281932,ILLUMINA,NFI22,PAIRED,UNIVERSITY OF HELSINKI,
SRR12632489,WGS,174,519657989,PRJNA662672,SAMN16092477,192 Mb,01/08/2018,public,SRX9114708,honey metagenome,not colected,not colected,not colected,Finland,Europa,Inga,60.09,24.18,NextSeq 500,NFI23_S23_,GENOMIC,SRP281932,ILLUMINA,NFI23,PAIRED,UNIVERSITY OF HELSINKI,
SRR12632488,WGS,170,420741996,PRJNA662672,SAMN16092478,158 Mb,01/08/2018,public,SRX9114709,honey metagenome,not colected,not colected,not colected,Finland,Europa,Levaniemi,63.05,27.23,NextSeq 500,NFI24_S24_,GENOMIC,SRP281932,ILLUMINA,NFI24,PAIRED,UNIVERSITY OF HELSINKI,
SRR12632487,WGS,181,453017927,PRJNA662672,SAMN16092479,170 Mb,01/08/2018,public,SRX9114710,honey metagenome,not colected,not colected,not colected,Finland,Europa,Helsinki,60.16,25.02,NextSeq 500,NFI25_S25_,GENOMIC,SRP281932,ILLUMINA,NFI25,PAIRED,UNIVERSITY OF HELSINKI,
SRR12632486,WGS,198,468474293,PRJNA662672,SAMN16092480,179 Mb,01/08/2018,public,SRX9114711,honey metagenome,not colected,not colected,not colected,Finland,Europa,Urjala,61.06,23.59,NextSeq 500,NFI26_S26_,GENOMIC,SRP281932,ILLUMINA,NFI26,PAIRED,UNIVERSITY OF HELSINKI,
SRR12632491,WGS,184,459253630,PRJNA662672,SAMN16092470,173 Mb,01/08/2018,public,SRX9114706,honey metagenome,not colected,not colected,not colected,Estonia,Europa,Leisi,58.57,22.68,NextSeq 500,NES16_S16_,GENOMIC,SRP281932,ILLUMINA,NES16,PAIRED,UNIVERSITY OF HELSINKI,
SRR12632495,WGS,196,484497670,PRJNA662672,SAMN16092464,181 Mb,01/08/2018,public,SRX9114702,honey metagenome,not colected,not colected,not colected,Finland,Europa,Koylionkyla,60.94,22.98,NextSeq 500,NFI10_S10_,GENOMIC,SRP281932,ILLUMINA,NFI10,PAIRED,UNIVERSITY OF HELSINKI,
SRR12632494,WGS,213,616872021,PRJNA662672,SAMN16092465,232 Mb,01/08/2018,public,SRX9114703,honey metagenome,not colected,not colected,not colected,Finland,Europa,Koylionkyla,60.94,22.98,NextSeq 500,NFI11_S11_,GENOMIC,SRP281932,ILLUMINA,NFI11,PAIRED,UNIVERSITY OF HELSINKI,
SRR12632493,WGS,178,1311073,PRJNA662672,SAMN16092466,0 Mb,01/08/2018,public,SRX9114704,honey metagenome,not colected,not colected,not colected,Finland,Europa,Onkimaa,60.62,24.01,NextSeq 500,NFI12_S12_,GENOMIC,SRP281932,ILLUMINA,NFI12,PAIRED,UNIVERSITY OF HELSINKI,
SRR12632492,WGS,187,550130876,PRJNA662672,SAMN16092475,206 Mb,01/08/2018,public,SRX9114705,honey metagenome,not colected,not colected,not colected,Finland,Europa,Torvenkyla,64.13,23.78,NextSeq 500,NFI21_S21_,GENOMIC,SRP281932,ILLUMINA,NFI21,PAIRED,UNIVERSITY OF HELSINKI,
SRR12632500,WGS,211,635106220,PRJNA662672,SAMN16092459,240 Mb,01/08/2018,public,SRX9114697,honey metagenome,not colected,not colected,not colected,Finland,Europa,Tuusula,60.39,25.02,NextSeq 500,NFI05_S5_,GENOMIC,SRP281932,ILLUMINA,NFI05,PAIRED,UNIVERSITY OF HELSINKI,
SRR12632499,WGS,222,616320261,PRJNA662672,SAMN16092460,235 Mb,01/08/2018,public,SRX9114698,honey metagenome,not colected,not colected,not colected,Finland,Europa,Kirkkonummi,60.19,24.33,NextSeq 500,NFI06_S6_,GENOMIC,SRP281932,ILLUMINA,NFI06,PAIRED,UNIVERSITY OF HELSINKI,
SRR12632498,WGS,191,531065014,PRJNA662672,SAMN16092461,199 Mb,01/08/2018,public,SRX9114699,honey metagenome,not colected,not colected,not colected,Finland,Europa,Sikila,60.51,25.79,NextSeq 500,NFI07_S7_,GENOMIC,SRP281932,ILLUMINA,NFI07,PAIRED,UNIVERSITY OF HELSINKI,
SRR12632497,WGS,193,565635534,PRJNA662672,SAMN16092462,211 Mb,01/08/2018,public,SRX9114700,honey metagenome,not colected,not colected,not colected,Finland,Europa,Kangas,63.21,28.06,NextSeq 500,NFI08_S8_,GENOMIC,SRP281932,ILLUMINA,NFI08,PAIRED,UNIVERSITY OF HELSINKI,
SRR12632496,WGS,210,621298597,PRJNA662672,SAMN16092463,233 Mb,01/08/2018,public,SRX9114701,honey metagenome,not colected,not colected,not colected,Finland,Europa,Autionpera,64.77,27.26,NextSeq 500,NFI09_S9_,GENOMIC,SRP281932,ILLUMINA,NFI09,PAIRED,UNIVERSITY OF HELSINKI,
ERR3799300,WGS,200,6024757600,PRJEB36075,SAMEA6455793,3845 Mb,2018,public,ERX3801273,honey metagenome,Apis mellifera,not colected,not colected,Italy,Europa,not colected,43.346443,12.26472,BGISEQ-500,HB12,METAGENOMIC,ERP119210,BGISEQ,SAMEA6455793,PAIRED,ANISA,
ERR3799301,WGS,200,6075307600,PRJEB36075,SAMEA6455794,3876 Mb,2018,public,ERX3801274,honey metagenome,Apis mellifera,not colected,not colected,Italy,Europa,not colected,43.346443,12.26472,BGISEQ-500,HB13,METAGENOMIC,ERP119210,BGISEQ,SAMEA6455794,PAIRED,ANISA,
SRR12632503,WGS,210,646363618,PRJNA662672,SAMN16092468,244 Mb,01/08/2018,public,SRX9114694,honey metagenome,not colected,not colected,not colected,Estonia,Europa,Leksvall,59.95,23.38,NextSeq 500,NES14_S14_,GENOMIC,SRP281932,ILLUMINA,NES14,PAIRED,UNIVERSITY OF HELSINKI,
SRR12632502,WGS,190,536147152,PRJNA662672,SAMN16092469,199 Mb,01/08/2018,public,SRX9114695,honey metagenome,not colected,not colected,not colected,Estonia,Europa,Meremoisa,59.39,24.27,NextSeq 500,NES15_S15_,GENOMIC,SRP281932,ILLUMINA,NES15,PAIRED,UNIVERSITY OF HELSINKI,
SRR12632501,WGS,204,595049299,PRJNA662672,SAMN16092458,225 Mb,01/08/2018,public,SRX9114696,honey metagenome,not colected,not colected,not colected,Finland,Europa,Vesilahti,61.23,23.56,NextSeq 500,NFI04_S4_,GENOMIC,SRP281932,ILLUMINA,NFI04,PAIRED,UNIVERSITY OF HELSINKI,
ERR3799299,WGS,200,6088228600,PRJEB36075,SAMEA6455792,3955 Mb,2018,public,ERX3801272,honey metagenome,Apis mellifera,not colected,not colected,Italy,Europa,not colected,43.346443,12.26472,BGISEQ-500,HB09,METAGENOMIC,ERP119210,BGISEQ,SAMEA6455792,PAIRED,ANISA,
SRR28682306,WGS,300,10331955900,PRJNA1088132,SAMN40462709,3499 Mb,not provided,public,SRX24250375,honey metagenome,not colected,not colected,not colected,Turkey,"Europa, Asia",Bayburt,40.26016244,40.22828419,Illumina NovaSeq 6000,PL,METAGENOMIC,SRP501788,ILLUMINA,Bread,PAIRED,ISTANBUL UNIVERSITY,
SRR28682305,WGS,300,11960252700,PRJNA1088132,SAMN40462710,3804 Mb,not provided,public,SRX24250376,honey metagenome,not colected,not colected,not colected,Turkey,"Europa, Asia",Bayburt,40.26016244,40.22828419,Illumina NovaSeq 6000,EK,METAGENOMIC,SRP501788,ILLUMINA,Pollen,PAIRED,ISTANBUL UNIVERSITY,
SRR28682307,WGS,300,11093731800,PRJNA1088132,SAMN40462708,3674 Mb,not provided,public,SRX24250374,honey metagenome,not colected,not colected,not colected,Turkey,"Europa, Asia",Bayburt,40.26016244,40.22828419,Illumina NovaSeq 6000,BL,METAGENOMIC,SRP501788,ILLUMINA,Honey,PAIRED,ISTANBUL UNIVERSITY,
Melli_21,WGS,not provided,10.015.644.874,PRJNA1235305,SAMN47325571,not provided,24/04/2022,privet,not provided,honey metagenome,Melipona beecheii,Mixed honey,Multifloral,Mexico,America,Jose Maria Morelos,19.796053,88.774822,Illumina NovaSeq 6000,not provided,METAGENOMIC,SRP569975,ILLUMINA,SRR32671097,PAIRED,not provided,
Melli_22,WGS,not provided,11.666.604.884,PRJNA1235305,SAMN47325572,not provided,24/04/2022,non-public,not provided,honey metagenome,Melipona beecheii,Jobon,Multifloral,Mexico,America,Jose Maria Morelos,19.796053,88.774822,Illumina NovaSeq 6000,not provided,METAGENOMIC,SRP569975,ILLUMINA,SRR32671096,PAIRED,not provided,
Melli_39,WGS,not provided,11.714.918.240,PRJNA1235305,SAMN47325573,not provided,24/04/2022,non-public,not provided,honey metagenome,Melipona beecheii,Beehive box,Multifloral,Mexico,America,Jose Maria Morelos,19.796053,88.774822,Illumina NovaSeq 6000,not provided,METAGENOMIC,SRP569975,ILLUMINA,SRR32671088,PAIRED,not provided,
Melli_40,WGS,not provided,11.132.990.816,PRJNA1235305,SAMN47325574,not provided,12/04/2022,non-public,not provided,honey metagenome,Melipona beecheii,Beehive box,Multifloral,Mexico,America,Jose Maria Morelos,19.748972,88.700889,Illumina NovaSeq 6000,not provided,METAGENOMIC,SRP569975,ILLUMINA,SRR32671087,PAIRED,not provided,
Melli_41,WGS,not provided,10.049.399.414,PRJNA1235305,SAMN47325575,not provided,12/04/2022,non-public,not provided,honey metagenome,Melipona beecheii,Mixed honey,Multifloral,Mexico,America,Jose Maria Morelos,19.748972,88.700889,Illumina NovaSeq 6000,not provided,METAGENOMIC,SRP569975,ILLUMINA,SRR32671086,PAIRED,not provided,
Melli_42,WGS,not provided,10.635.306.292,PRJNA1235305,SAMN47325576,not provided,18/04/2022,non-public,not provided,honey metagenome,Melipona beecheii,Jobon,Multifloral,Mexico,America,Jose Maria Morelos,19.748972,88.700889,Illumina NovaSeq 6000,not provided,METAGENOMIC,SRP569975,ILLUMINA,SRR32671085,PAIRED,not provided,
Melli_45,WGS,not provided,10.778.553.348,PRJNA1235305,SAMN47325577,not provided,30/05/2022,non-public,not provided,honey metagenome,Melipona beecheii,Beehive box,Multifloral,Mexico,America,Mani,20.385292,89.393053,Illumina NovaSeq 6000,not provided,METAGENOMIC,SRP569975,ILLUMINA,SRR32671084,PAIRED,not provided,
Melli_46,WGS,not provided,10.278.059.016,PRJNA1235305,SAMN47325578,not provided,30/05/2022,non-public,not provided,honey metagenome,Melipona beecheii,Jobon,Multiflora,Mexico,America,Mani,20.385292,89.393053,Illumina NovaSeq 6000,not provided,METAGENOMIC,SRP569975,ILLUMINA,SRR32671083,PAIRED,not provided,
Melli_47,WGS,not provided,10.512.334.912,PRJNA1235305,SAMN47325579,not provided,30/05/2022,non-public,not provided,honey metagenome,Melipona beecheii,Mixed honey,Multiflora,Mexico,America,Mani,20.385292,89.393053,Illumina NovaSeq 6000,not provided,METAGENOMIC,SRP569975,ILLUMINA,SRR32671082,PAIRED,not provided,
Scapto_23,WGS,not provided,10.584.257.118,PRJNA1235305,SAMN47325580,not provided,14/05/2022,non-public,not provided,honey metagenome,Scaptotrigona mexicana,Beehive box,Multifloral,Mexico,America,Atzalan,19.901583,97.144056,Illumina NovaSeq 6000,not provided,METAGENOMIC,SRP569975,ILLUMINA,SRR32671081,PAIRED,not provided,
Scapto_43,WGS,not provided,11.382.852.026,PRJNA1235305,SAMN47325581,not provided,14/05/2022,non-public,not provided,honey metagenome,Scaptotrigona mexicana,Cantaro,Multifloral,Mexico,America,Atzalan,19.901583,97.144056,Illumina NovaSeq 6000,not provided,METAGENOMIC,SRP569975,ILLUMINA,SRR32671095,PAIRED,not provided,
Scapto_51,WGS,not provided,11.670.950.362,PRJNA1235305,SAMN47325582,not provided,14/05/2022,non-public,not provided,honey metagenome,Scaptotrigona mexicana,Mixed honey,Multifloral,Mexico,America,Atzalan,19.901583,97.144056,Illumina NovaSeq 6000,not provided,METAGENOMIC,SRP569975,ILLUMINA,SRR32671094,PAIRED,not provided,
Scapto_89,WGS,not provided,10.795.256.666,PRJNA1235305,SAMN47325583,not provided,09/05/2022,non-public,not provided,honey metagenome,Scaptotrigona mexicana,Cantaro,Multifloral,Mexico,America,Papantla,20.362611,97.242417,Illumina NovaSeq 6000,not provided,METAGENOMIC,SRP569975,ILLUMINA,SRR32671093,PAIRED,not provided,
Scapto_90,WGS,not provided,11.146.031.478,PRJNA1235305,SAMN47325585,not provided,09/05/2022,non-public,not provided,honey metagenome,Scaptotrigona mexicana,Mixed honey,Multifloral,Mexico,America,Papantla,20.362611,97.242417,Illumina NovaSeq 6000,not provided,METAGENOMIC,SRP569975,ILLUMINA,SRR32671091,PAIRED,not provided,
Scapto_91,WGS,not provided,11.330.001.422,PRJNA1235305,SAMN47325584,not provided,09/05/2022,non-public,not provided,honey metagenome,Scaptotrigona mexicana,Beehive box,Multifloral,Mexico,America,Papantla,20.362611,97.242417,Illumina NovaSeq 6000,not provided,METAGENOMIC,SRP569975,ILLUMINA,SRR32671092,PAIRED,not provided,
Scapto_92,WGS,not provided,11.330.001.422,PRJNA1235305,SAMN47325586,not provided,11/05/2022,non-public,not provided,honey metagenome,Scaptotrigona mexicana,Beehive box,Multifloral,Mexico,America,Tenochtitlan,19.838639,96.936694,Illumina NovaSeq 6000,not provided,METAGENOMIC,SRP569975,ILLUMINA,SRR32671090,PAIRED,not provided,
Scapto_93,WGS,not provided,10.009.738.056,PRJNA1235305,SAMN47325587,not provided,11/05/2022,non-public,not provided,honey metagenome,Scaptotrigona mexicana,Mixed honey,Multifloral,Mexico,America,Tenochtitlan,19.838639,96.936694,Illumina NovaSeq 6000,not provided,METAGENOMIC,SRP569975,ILLUMINA,SRR32671089,PAIRED,not provided,
SRR27931704,WGS,302,5697274998,PRJNA1074714,SAMN39880875,2036066464,18/10/2021,public,SRX23588786,honey,Spanish_PDO,not colected,not colected,Spain,Europe, Granada,37.177846,-3.599193,Illumina NovaSeq 6000,10,METAGENOMIC,SRP489180,ILLUMINA,H19,PAIRED,DAIRY RESEARCH INSTITUTE OF ASTURIAS- SPANISH NATIONAL RESEARCH COUNCIL (IPLA-CSIC),
SRR27931705,WGS,302,4395825628,PRJNA1074714,SAMN39880874,1561536444,18/10/2021,public,SRX23588785,honey,Spanish_PDO,not colected,not colected,Spain,Europe, Granada,37.177846,-3.599193,Illumina NovaSeq 6000,9,METAGENOMIC,SRP489180,ILLUMINA,H18,PAIRED,DAIRY RESEARCH INSTITUTE OF ASTURIAS- SPANISH NATIONAL RESEARCH COUNCIL (IPLA-CSIC),
SRR27931706,WGS,302,4966203364,PRJNA1074714,SAMN39880873,1773897028,18/10/2021,public,SRX23588784,honey,Spanish_PDO,not colected,not colected,Spain,Europe, Granada,37.177846,-3.599193,Illumina NovaSeq 6000,8,METAGENOMIC,SRP489180,ILLUMINA,H17,PAIRED,DAIRY RESEARCH INSTITUTE OF ASTURIAS- SPANISH NATIONAL RESEARCH COUNCIL (IPLA-CSIC),
SRR27931707,WGS,302,20697268,PRJNA1074714,SAMN39880931,7960604,18/10/2021,public,SRX23588783,honey,Spanish_PDO,not colected,not colected,Spain,Europe, Asturias,43.342909,-5.968321,Illumina NovaSeq 6000,66,METAGENOMIC,SRP489180,ILLUMINA,H81,PAIRED,DAIRY RESEARCH INSTITUTE OF ASTURIAS- SPANISH NATIONAL RESEARCH COUNCIL (IPLA-CSIC),
SRR27931708,WGS,302,25354108,PRJNA1074714,SAMN39880930,9615657,18/10/2021,public,SRX23588782,honey,Spanish_PDO,not colected,not colected,Spain,Europe, Asturias,43.342909,-5.968321,Illumina NovaSeq 6000,65,METAGENOMIC,SRP489180,ILLUMINA,H80,PAIRED,DAIRY RESEARCH INSTITUTE OF ASTURIAS- SPANISH NATIONAL RESEARCH COUNCIL (IPLA-CSIC),
SRR27931709,WGS,302,30363080,PRJNA1074714,SAMN39880929,11621888,18/10/2021,public,SRX23588781,honey,Spanish_PDO,not colected,not colected,Spain,Europe, Asturias,43.342909,-5.968321,Illumina NovaSeq 6000,64,METAGENOMIC,SRP489180,ILLUMINA,H79,PAIRED,DAIRY RESEARCH INSTITUTE OF ASTURIAS- SPANISH NATIONAL RESEARCH COUNCIL (IPLA-CSIC),
SRR27931710,WGS,302,696696786,PRJNA1074714,SAMN39880928,243693766,18/10/2021,public,SRX23588780,honey,Spanish_PDO,not colected,not colected,Spain,Europe, Asturias,43.342909,-5.968321,Illumina NovaSeq 6000,63,METAGENOMIC,SRP489180,ILLUMINA,H78,PAIRED,DAIRY RESEARCH INSTITUTE OF ASTURIAS- SPANISH NATIONAL RESEARCH COUNCIL (IPLA-CSIC),
SRR27931711,WGS,302,1026133486,PRJNA1074714,SAMN39880927,345978931,18/10/2021,public,SRX23588779,honey,Spanish_PDO,not colected,not colected,Spain,Europe, Asturias,43.342909,-5.968321,Illumina NovaSeq 6000,62,METAGENOMIC,SRP489180,ILLUMINA,H77,PAIRED,DAIRY RESEARCH INSTITUTE OF ASTURIAS- SPANISH NATIONAL RESEARCH COUNCIL (IPLA-CSIC),
SRR27931712,WGS,302,10232721568,PRJNA1074714,SAMN39880926,3403201389,18/10/2021,public,SRX23588778,honey,Spanish_PDO,not colected,not colected,Spain,Europe, Asturias,43.342909,-5.968321,Illumina NovaSeq 6000,61,METAGENOMIC,SRP489180,ILLUMINA,H76,PAIRED,DAIRY RESEARCH INSTITUTE OF ASTURIAS- SPANISH NATIONAL RESEARCH COUNCIL (IPLA-CSIC),
SRR27931713,WGS,302,4133908276,PRJNA1074714,SAMN39880872,1490226930,18/10/2021,public,SRX23588777,honey,Spanish_PDO,not colected,not colected,Spain,Europe, Granada,37.177846,-3.599193,Illumina NovaSeq 6000,7,METAGENOMIC,SRP489180,ILLUMINA,H16,PAIRED,DAIRY RESEARCH INSTITUTE OF ASTURIAS- SPANISH NATIONAL RESEARCH COUNCIL (IPLA-CSIC),
SRR27931714,WGS,302,3384298976,PRJNA1074714,SAMN39880925,1195015479,18/10/2021,public,SRX23588776,honey,Spanish_PDO,not colected,not colected,Spain,Europe, Asturias,43.342909,-5.968321,Illumina NovaSeq 6000,60,METAGENOMIC,SRP489180,ILLUMINA,H75,PAIRED,DAIRY RESEARCH INSTITUTE OF ASTURIAS- SPANISH NATIONAL RESEARCH COUNCIL (IPLA-CSIC),
SRR27931715,WGS,302,5713995530,PRJNA1074714,SAMN39880924,2026248520,18/10/2021,public,SRX23588775,honey,Spanish_PDO,not colected,not colected,Spain,Europe, Asturias,43.342909,-5.968321,Illumina NovaSeq 6000,59,METAGENOMIC,SRP489180,ILLUMINA,H74,PAIRED,DAIRY RESEARCH INSTITUTE OF ASTURIAS- SPANISH NATIONAL RESEARCH COUNCIL (IPLA-CSIC),
SRR27931716,WGS,302,3964524630,PRJNA1074714,SAMN39880923,1417625426,18/10/2021,public,SRX23588774,honey,Spanish_PDO,not colected,not colected,Spain,Europe, Asturias,43.342909,-5.968321,Illumina NovaSeq 6000,58,METAGENOMIC,SRP489180,ILLUMINA,H73,PAIRED,DAIRY RESEARCH INSTITUTE OF ASTURIAS- SPANISH NATIONAL RESEARCH COUNCIL (IPLA-CSIC),
SRR27931717,WGS,302,4136671576,PRJNA1074714,SAMN39880922,1461695471,18/10/2021,public,SRX23588773,honey,Spanish_PDO,not colected,not colected,Spain,Europe, Leon,42.601939,-5.572934,Illumina NovaSeq 6000,57,METAGENOMIC,SRP489180,ILLUMINA,H71,PAIRED,DAIRY RESEARCH INSTITUTE OF ASTURIAS- SPANISH NATIONAL RESEARCH COUNCIL (IPLA-CSIC),
SRR27931718,WGS,302,3454024434,PRJNA1074714,SAMN39880921,1187880354,18/10/2021,public,SRX23588772,honey,Spanish_PDO,not colected,not colected,Spain,Europe, Leon,42.601939,-5.572934,Illumina NovaSeq 6000,56,METAGENOMIC,SRP489180,ILLUMINA,H70,PAIRED,DAIRY RESEARCH INSTITUTE OF ASTURIAS- SPANISH NATIONAL RESEARCH COUNCIL (IPLA-CSIC),
SRR27931719,WGS,302,2976975872,PRJNA1074714,SAMN39880920,1022454874,18/10/2021,public,SRX23588771,honey,Spanish_PDO,not colected,not colected,Spain,Europe, Leon,42.601939,-5.572934,Illumina NovaSeq 6000,55,METAGENOMIC,SRP489180,ILLUMINA,H69,PAIRED,DAIRY RESEARCH INSTITUTE OF ASTURIAS- SPANISH NATIONAL RESEARCH COUNCIL (IPLA-CSIC),
SRR27931720,WGS,302,5729954116,PRJNA1074714,SAMN39880919,2017393402,18/10/2021,public,SRX23588770,honey,Spanish_PDO,not colected,not colected,Spain,Europe, Villuercas,39.419406,-5.346527,Illumina NovaSeq 6000,54,METAGENOMIC,SRP489180,ILLUMINA,H68,PAIRED,DAIRY RESEARCH INSTITUTE OF ASTURIAS- SPANISH NATIONAL RESEARCH COUNCIL (IPLA-CSIC),
SRR27931721,WGS,302,6380601036,PRJNA1074714,SAMN39880918,2246991205,18/10/2021,public,SRX23588769,honey,Spanish_PDO,not colected,not colected,Spain,Europe, Villuercas,39.419406,-5.346527,Illumina NovaSeq 6000,53,METAGENOMIC,SRP489180,ILLUMINA,H67,PAIRED,DAIRY RESEARCH INSTITUTE OF ASTURIAS- SPANISH NATIONAL RESEARCH COUNCIL (IPLA-CSIC),
SRR27931722,WGS,302,1640048448,PRJNA1074714,SAMN39880917,565943540,18/10/2021,public,SRX23588768,honey,Spanish_PDO,not colected,not colected,Spain,Europe, Villuercas,39.419406,-5.346527,Illumina NovaSeq 6000,52,METAGENOMIC,SRP489180,ILLUMINA,H66,PAIRED,DAIRY RESEARCH INSTITUTE OF ASTURIAS- SPANISH NATIONAL RESEARCH COUNCIL (IPLA-CSIC),
SRR27931723,WGS,302,1315239596,PRJNA1074714,SAMN39880916,443599035,18/10/2021,public,SRX23588767,honey,Spanish_PDO,not colected,not colected,Spain,Europe, Villuercas,39.419406,-5.346527,Illumina NovaSeq 6000,51,METAGENOMIC,SRP489180,ILLUMINA,H65,PAIRED,DAIRY RESEARCH INSTITUTE OF ASTURIAS- SPANISH NATIONAL RESEARCH COUNCIL (IPLA-CSIC),
SRR27931724,WGS,302,3458978744,PRJNA1074714,SAMN39880871,1231577182,18/10/2021,public,SRX23588766,honey,Spanish_PDO,not colected,not colected,Spain,Europe, Granada,37.177846,-3.599193,Illumina NovaSeq 6000,6,METAGENOMIC,SRP489180,ILLUMINA,H15,PAIRED,DAIRY RESEARCH INSTITUTE OF ASTURIAS- SPANISH NATIONAL RESEARCH COUNCIL (IPLA-CSIC),
SRR27931725,WGS,302,4436457614,PRJNA1074714,SAMN39880915,1553091903,18/10/2021,public,SRX23588765,honey,Spanish_PDO,not colected,not colected,Spain,Europe, Villuercas,39.419406,-5.346527,Illumina NovaSeq 6000,50,METAGENOMIC,SRP489180,ILLUMINA,H64,PAIRED,DAIRY RESEARCH INSTITUTE OF ASTURIAS- SPANISH NATIONAL RESEARCH COUNCIL (IPLA-CSIC),
SRR27931726,WGS,302,4816656890,PRJNA1074714,SAMN39880914,1709035800,18/10/2021,public,SRX23588764,honey,Spanish_PDO,not colected,not colected,Spain,Europe, Villuercas,39.419406,-5.346527,Illumina NovaSeq 6000,49,METAGENOMIC,SRP489180,ILLUMINA,H63,PAIRED,DAIRY RESEARCH INSTITUTE OF ASTURIAS- SPANISH NATIONAL RESEARCH COUNCIL (IPLA-CSIC),
SRR27931727,WGS,302,4525187630,PRJNA1074714,SAMN39880913,1527921629,18/10/2021,public,SRX23588763,honey,Spanish_PDO,not colected,not colected,Spain,Europe, Villuercas,39.419406,-5.346527,Illumina NovaSeq 6000,48,METAGENOMIC,SRP489180,ILLUMINA,H61,PAIRED,DAIRY RESEARCH INSTITUTE OF ASTURIAS- SPANISH NATIONAL RESEARCH COUNCIL (IPLA-CSIC),
SRR27931728,WGS,302,7350453802,PRJNA1074714,SAMN39880912,2569940363,18/10/2021,public,SRX23588762,honey,Spanish_PDO,not colected,not colected,Spain,Europe, Villuercas,39.419406,-5.346527,Illumina NovaSeq 6000,47,METAGENOMIC,SRP489180,ILLUMINA,H60,PAIRED,DAIRY RESEARCH INSTITUTE OF ASTURIAS- SPANISH NATIONAL RESEARCH COUNCIL (IPLA-CSIC),
SRR27931729,WGS,302,5991303708,PRJNA1074714,SAMN39880911,2116208337,18/10/2021,public,SRX23588761,honey,Spanish_PDO,not colected,not colected,Spain,Europe, Villuercas,39.419406,-5.346527,Illumina NovaSeq 6000,46,METAGENOMIC,SRP489180,ILLUMINA,H59,PAIRED,DAIRY RESEARCH INSTITUTE OF ASTURIAS- SPANISH NATIONAL RESEARCH COUNCIL (IPLA-CSIC),
SRR27931730,WGS,302,3518995204,PRJNA1074714,SAMN39880910,1229513897,18/10/2021,public,SRX23588760,honey,Spanish_PDO,not colected,not colected,Spain,Europe, Villuercas,39.419406,-5.346527,Illumina NovaSeq 6000,45,METAGENOMIC,SRP489180,ILLUMINA,H58,PAIRED,DAIRY RESEARCH INSTITUTE OF ASTURIAS- SPANISH NATIONAL RESEARCH COUNCIL (IPLA-CSIC),
SRR27931731,WGS,302,5117412952,PRJNA1074714,SAMN39880909,1837758727,18/10/2021,public,SRX23588759,honey,Spanish_PDO,not colected,not colected,Spain,Europe, Villuercas,39.419406,-5.346527,Illumina NovaSeq 6000,44,METAGENOMIC,SRP489180,ILLUMINA,H57,PAIRED,DAIRY RESEARCH INSTITUTE OF ASTURIAS- SPANISH NATIONAL RESEARCH COUNCIL (IPLA-CSIC),
SRR27931732,WGS,302,6022355650,PRJNA1074714,SAMN39880908,2105857035,18/10/2021,public,SRX23588758,honey,Spanish_PDO,not colected,not colected,Spain,Europe, Villuercas,39.419406,-5.346527,Illumina NovaSeq 6000,43,METAGENOMIC,SRP489180,ILLUMINA,H56,PAIRED,DAIRY RESEARCH INSTITUTE OF ASTURIAS- SPANISH NATIONAL RESEARCH COUNCIL (IPLA-CSIC),
SRR27931733,WGS,302,6171386006,PRJNA1074714,SAMN39880907,2164871956,18/10/2021,public,SRX23588757,honey,Spanish_PDO,not colected,not colected,Spain,Europe, Villuercas,39.419406,-5.346527,Illumina NovaSeq 6000,42,METAGENOMIC,SRP489180,ILLUMINA,H55,PAIRED,DAIRY RESEARCH INSTITUTE OF ASTURIAS- SPANISH NATIONAL RESEARCH COUNCIL (IPLA-CSIC),
SRR27931734,WGS,302,2024088258,PRJNA1074714,SAMN39880906,704932611,18/10/2021,public,SRX23588756,honey,Spanish_PDO,not colected,not colected,Spain,Europe, Villuercas,39.419406,-5.346527,Illumina NovaSeq 6000,41,METAGENOMIC,SRP489180,ILLUMINA,H54,PAIRED,DAIRY RESEARCH INSTITUTE OF ASTURIAS- SPANISH NATIONAL RESEARCH COUNCIL (IPLA-CSIC),
SRR27931735,WGS,302,3778410184,PRJNA1074714,SAMN39880870,1341498785,18/10/2021,public,SRX23588755,honey,Spanish_PDO,not colected,not colected,Spain,Europe, Granada,37.177846,-3.599193,Illumina NovaSeq 6000,5,METAGENOMIC,SRP489180,ILLUMINA,H14,PAIRED,DAIRY RESEARCH INSTITUTE OF ASTURIAS- SPANISH NATIONAL RESEARCH COUNCIL (IPLA-CSIC),
SRR27931736,WGS,302,4935457650,PRJNA1074714,SAMN39880905,1758361537,18/10/2021,public,SRX23588754,honey,Spanish_PDO,not colected,not colected,Spain,Europe, Villuercas,39.419406,-5.346527,Illumina NovaSeq 6000,40,METAGENOMIC,SRP489180,ILLUMINA,H53,PAIRED,DAIRY RESEARCH INSTITUTE OF ASTURIAS- SPANISH NATIONAL RESEARCH COUNCIL (IPLA-CSIC),
SRR27931737,WGS,302,603678068,PRJNA1074714,SAMN39880904,210442945,18/10/2021,public,SRX23588753,honey,Spanish_PDO,not colected,not colected,Spain,Europe, Tenerife,28.332896,-16.535098,Illumina NovaSeq 6000,39,METAGENOMIC,SRP489180,ILLUMINA,H51,PAIRED,DAIRY RESEARCH INSTITUTE OF ASTURIAS- SPANISH NATIONAL RESEARCH COUNCIL (IPLA-CSIC),
SRR27931738,WGS,302,999361790,PRJNA1074714,SAMN39880903,334160131,18/10/2021,public,SRX23588752,honey,Spanish_PDO,not colected,not colected,Spain,Europe, Tenerife,28.332896,-16.535098,Illumina NovaSeq 6000,38,METAGENOMIC,SRP489180,ILLUMINA,H50,PAIRED,DAIRY RESEARCH INSTITUTE OF ASTURIAS- SPANISH NATIONAL RESEARCH COUNCIL (IPLA-CSIC),
SRR27931739,WGS,302,1396023992,PRJNA1074714,SAMN39880902,487486003,18/10/2021,public,SRX23588751,honey,Spanish_PDO,not colected,not colected,Spain,Europe, Tenerife,28.332896,-16.535098,Illumina NovaSeq 6000,37,METAGENOMIC,SRP489180,ILLUMINA,H49,PAIRED,DAIRY RESEARCH INSTITUTE OF ASTURIAS- SPANISH NATIONAL RESEARCH COUNCIL (IPLA-CSIC),
SRR27931740,WGS,302,1252214612,PRJNA1074714,SAMN39880901,416604210,18/10/2021,public,SRX23588750,honey,Spanish_PDO,not colected,not colected,Spain,Europe, Tenerife,28.332896,-16.535098,Illumina NovaSeq 6000,36,METAGENOMIC,SRP489180,ILLUMINA,H48,PAIRED,DAIRY RESEARCH INSTITUTE OF ASTURIAS- SPANISH NATIONAL RESEARCH COUNCIL (IPLA-CSIC),
SRR27931741,WGS,302,1619830152,PRJNA1074714,SAMN39880900,535767144,18/10/2021,public,SRX23588749,honey,Spanish_PDO,not colected,not colected,Spain,Europe, Tenerife,28.332896,-16.535098,Illumina NovaSeq 6000,35,METAGENOMIC,SRP489180,ILLUMINA,H47,PAIRED,DAIRY RESEARCH INSTITUTE OF ASTURIAS- SPANISH NATIONAL RESEARCH COUNCIL (IPLA-CSIC),
SRR27931742,WGS,302,5068508582,PRJNA1074714,SAMN39880899,1786738007,18/10/2021,public,SRX23588748,honey,Spanish_PDO,not colected,not colected,Spain,Europe, Tenerife,28.332896,-16.535098,Illumina NovaSeq 6000,34,METAGENOMIC,SRP489180,ILLUMINA,H46,PAIRED,DAIRY RESEARCH INSTITUTE OF ASTURIAS- SPANISH NATIONAL RESEARCH COUNCIL (IPLA-CSIC),
SRR27931743,WGS,302,5406263570,PRJNA1074714,SAMN39880898,1901960352,18/10/2021,public,SRX23588747,honey,Spanish_PDO,not colected,not colected,Spain,Europe, Tenerife,28.332896,-16.535098,Illumina NovaSeq 6000,33,METAGENOMIC,SRP489180,ILLUMINA,H45,PAIRED,DAIRY RESEARCH INSTITUTE OF ASTURIAS- SPANISH NATIONAL RESEARCH COUNCIL (IPLA-CSIC),
SRR27931744,WGS,302,4578015584,PRJNA1074714,SAMN39880897,1623687056,18/10/2021,public,SRX23588746,honey,Spanish_PDO,not colected,not colected,Spain,Europe, Tenerife,28.332896,-16.535098,Illumina NovaSeq 6000,32,METAGENOMIC,SRP489180,ILLUMINA,H44,PAIRED,DAIRY RESEARCH INSTITUTE OF ASTURIAS- SPANISH NATIONAL RESEARCH COUNCIL (IPLA-CSIC),
SRR27931745,WGS,302,4095557900,PRJNA1074714,SAMN39880896,1467756007,18/10/2021,public,SRX23588745,honey,Spanish_PDO,not colected,not colected,Spain,Europe, Tenerife,28.332896,-16.535098,Illumina NovaSeq 6000,31,METAGENOMIC,SRP489180,ILLUMINA,H43,PAIRED,DAIRY RESEARCH INSTITUTE OF ASTURIAS- SPANISH NATIONAL RESEARCH COUNCIL (IPLA-CSIC),
SRR27931746,WGS,302,4048619248,PRJNA1074714,SAMN39880869,1438139009,18/10/2021,public,SRX23588744,honey,Spanish_PDO,not colected,not colected,Spain,Europe, Granada,37.177846,-3.599193,Illumina NovaSeq 6000,4,METAGENOMIC,SRP489180,ILLUMINA,H13,PAIRED,DAIRY RESEARCH INSTITUTE OF ASTURIAS- SPANISH NATIONAL RESEARCH COUNCIL (IPLA-CSIC),
SRR27931747,WGS,302,4943979184,PRJNA1074714,SAMN39880895,1764387400,18/10/2021,public,SRX23588743,honey,Spanish_PDO,not colected,not colected,Spain,Europe, Tenerife,28.332896,-16.535098,Illumina NovaSeq 6000,30,METAGENOMIC,SRP489180,ILLUMINA,H41,PAIRED,DAIRY RESEARCH INSTITUTE OF ASTURIAS- SPANISH NATIONAL RESEARCH COUNCIL (IPLA-CSIC),
SRR27931748,WGS,302,356480196,PRJNA1074714,SAMN39880894,124888102,18/10/2021,public,SRX23588742,honey,Spanish_PDO,not colected,not colected,Spain,Europe, Tenerife,28.332896,-16.535098,Illumina NovaSeq 6000,29,METAGENOMIC,SRP489180,ILLUMINA,H40,PAIRED,DAIRY RESEARCH INSTITUTE OF ASTURIAS- SPANISH NATIONAL RESEARCH COUNCIL (IPLA-CSIC),
SRR27931749,WGS,302,4750758980,PRJNA1074714,SAMN39880893,1691746450,18/10/2021,public,SRX23588741,honey,Spanish_PDO,not colected,not colected,Spain,Europe, Tenerife,28.332896,-16.535098,Illumina NovaSeq 6000,28,METAGENOMIC,SRP489180,ILLUMINA,H39,PAIRED,DAIRY RESEARCH INSTITUTE OF ASTURIAS- SPANISH NATIONAL RESEARCH COUNCIL (IPLA-CSIC),
SRR27931750,WGS,302,6298646994,PRJNA1074714,SAMN39880892,2207972052,18/10/2021,public,SRX23588740,honey,Spanish_PDO,not colected,not colected,Spain,Europe, Tenerife,28.332896,-16.535098,Illumina NovaSeq 6000,27,METAGENOMIC,SRP489180,ILLUMINA,H38,PAIRED,DAIRY RESEARCH INSTITUTE OF ASTURIAS- SPANISH NATIONAL RESEARCH COUNCIL (IPLA-CSIC),
SRR27931751,WGS,302,533742418,PRJNA1074714,SAMN39880891,186007059,18/10/2021,public,SRX23588739,honey,Spanish_PDO,not colected,not colected,Spain,Europe, Tenerife,28.332896,-16.535098,Illumina NovaSeq 6000,26,METAGENOMIC,SRP489180,ILLUMINA,H37,PAIRED,DAIRY RESEARCH INSTITUTE OF ASTURIAS- SPANISH NATIONAL RESEARCH COUNCIL (IPLA-CSIC),
SRR27931752,WGS,302,5004651890,PRJNA1074714,SAMN39880890,1766858044,18/10/2021,public,SRX23588738,honey,Spanish_PDO,not colected,not colected,Spain,Europe, Tenerife,28.332896,-16.535098,Illumina NovaSeq 6000,25,METAGENOMIC,SRP489180,ILLUMINA,H36,PAIRED,DAIRY RESEARCH INSTITUTE OF ASTURIAS- SPANISH NATIONAL RESEARCH COUNCIL (IPLA-CSIC),
SRR27931753,WGS,302,229109884,PRJNA1074714,SAMN39880889,81123735,18/10/2021,public,SRX23588737,honey,Spanish_PDO,not colected,not colected,Spain,Europe, Tenerife,28.332896,-16.535098,Illumina NovaSeq 6000,24,METAGENOMIC,SRP489180,ILLUMINA,H35,PAIRED,DAIRY RESEARCH INSTITUTE OF ASTURIAS- SPANISH NATIONAL RESEARCH COUNCIL (IPLA-CSIC),
SRR27931754,WGS,302,1066880836,PRJNA1074714,SAMN39880888,354947733,18/10/2021,public,SRX23588736,honey,Spanish_PDO,not colected,not colected,Spain,Europe, Tenerife,28.332896,-16.535098,Illumina NovaSeq 6000,23,METAGENOMIC,SRP489180,ILLUMINA,H34,PAIRED,DAIRY RESEARCH INSTITUTE OF ASTURIAS- SPANISH NATIONAL RESEARCH COUNCIL (IPLA-CSIC),
SRR27931755,WGS,302,895552612,PRJNA1074714,SAMN39880887,310937568,18/10/2021,public,SRX23588735,honey,Spanish_PDO,not colected,not colected,Spain,Europe, Tenerife,28.332896,-16.535098,Illumina NovaSeq 6000,22,METAGENOMIC,SRP489180,ILLUMINA,H33,PAIRED,DAIRY RESEARCH INSTITUTE OF ASTURIAS- SPANISH NATIONAL RESEARCH COUNCIL (IPLA-CSIC),
SRR27931756,WGS,302,5355614848,PRJNA1074714,SAMN39880886,1886817131,18/10/2021,public,SRX23588734,honey,Spanish_PDO,not colected,not colected,Spain,Europe, Tenerife,28.332896,-16.535098,Illumina NovaSeq 6000,21,METAGENOMIC,SRP489180,ILLUMINA,H31,PAIRED,DAIRY RESEARCH INSTITUTE OF ASTURIAS- SPANISH NATIONAL RESEARCH COUNCIL (IPLA-CSIC),
SRR27931757,WGS,302,6271415956,PRJNA1074714,SAMN39880868,2023729661,18/10/2021,public,SRX23588733,honey,Spanish_PDO,not colected,not colected,Spain,Europe, Granada,37.177846,-3.599193,Illumina NovaSeq 6000,3,METAGENOMIC,SRP489180,ILLUMINA,H11,PAIRED,DAIRY RESEARCH INSTITUTE OF ASTURIAS- SPANISH NATIONAL RESEARCH COUNCIL (IPLA-CSIC),
SRR27931758,WGS,302,6508209626,PRJNA1074714,SAMN39880885,2302867320,18/10/2021,public,SRX23588732,honey,Spanish_PDO,not colected,not colected,Spain,Europe, Tenerife,28.332896,-16.535098,Illumina NovaSeq 6000,20,METAGENOMIC,SRP489180,ILLUMINA,H30,PAIRED,DAIRY RESEARCH INSTITUTE OF ASTURIAS- SPANISH NATIONAL RESEARCH COUNCIL (IPLA-CSIC),
SRR27931759,WGS,302,5623440226,PRJNA1074714,SAMN39880884,1981763637,18/10/2021,public,SRX23588731,honey,Spanish_PDO,not colected,not colected,Spain,Europe, Tenerife,28.332896,-16.535098,Illumina NovaSeq 6000,19,METAGENOMIC,SRP489180,ILLUMINA,H29,PAIRED,DAIRY RESEARCH INSTITUTE OF ASTURIAS- SPANISH NATIONAL RESEARCH COUNCIL (IPLA-CSIC),
SRR27931760,WGS,302,3906279098,PRJNA1074714,SAMN39880883,1386508897,18/10/2021,public,SRX23588730,honey,Spanish_PDO,not colected,not colected,Spain,Europe, Tenerife,28.332896,-16.535098,Illumina NovaSeq 6000,18,METAGENOMIC,SRP489180,ILLUMINA,H28,PAIRED,DAIRY RESEARCH INSTITUTE OF ASTURIAS- SPANISH NATIONAL RESEARCH COUNCIL (IPLA-CSIC),
SRR27931761,WGS,302,4446203758,PRJNA1074714,SAMN39880882,1578672170,18/10/2021,public,SRX23588729,honey,Spanish_PDO,not colected,not colected,Spain,Europe, Tenerife,28.332896,-16.535098,Illumina NovaSeq 6000,17,METAGENOMIC,SRP489180,ILLUMINA,H27,PAIRED,DAIRY RESEARCH INSTITUTE OF ASTURIAS- SPANISH NATIONAL RESEARCH COUNCIL (IPLA-CSIC),
SRR27931762,WGS,302,5721423522,PRJNA1074714,SAMN39880881,2036873715,18/10/2021,public,SRX23588728,honey,Spanish_PDO,not colected,not colected,Spain,Europe, Tenerife,28.332896,-16.535098,Illumina NovaSeq 6000,16,METAGENOMIC,SRP489180,ILLUMINA,H26,PAIRED,DAIRY RESEARCH INSTITUTE OF ASTURIAS- SPANISH NATIONAL RESEARCH COUNCIL (IPLA-CSIC),
SRR27931763,WGS,302,3539080922,PRJNA1074714,SAMN39880880,1259366148,18/10/2021,public,SRX23588727,honey,Spanish_PDO,not colected,not colected,Spain,Europe, Tenerife,28.332896,-16.535098,Illumina NovaSeq 6000,15,METAGENOMIC,SRP489180,ILLUMINA,H25,PAIRED,DAIRY RESEARCH INSTITUTE OF ASTURIAS- SPANISH NATIONAL RESEARCH COUNCIL (IPLA-CSIC),
SRR27931764,WGS,302,466853948,PRJNA1074714,SAMN39880879,163989932,18/10/2021,public,SRX23588726,honey,Spanish_PDO,not colected,not colected,Spain,Europe, Granada,37.177846,-3.599193,Illumina NovaSeq 6000,14,METAGENOMIC,SRP489180,ILLUMINA,H24,PAIRED,DAIRY RESEARCH INSTITUTE OF ASTURIAS- SPANISH NATIONAL RESEARCH COUNCIL (IPLA-CSIC),
SRR27931765,WGS,302,80176168,PRJNA1074714,SAMN39880878,28706429,18/10/2021,public,SRX23588725,honey,Spanish_PDO,not colected,not colected,Spain,Europe, Granada,37.177846,-3.599193,Illumina NovaSeq 6000,13,METAGENOMIC,SRP489180,ILLUMINA,H23,PAIRED,DAIRY RESEARCH INSTITUTE OF ASTURIAS- SPANISH NATIONAL RESEARCH COUNCIL (IPLA-CSIC),
SRR27931766,WGS,302,1521822394,PRJNA1074714,SAMN39880877,511367180,18/10/2021,public,SRX23588724,honey,Spanish_PDO,not colected,not colected,Spain,Europe, Granada,37.177846,-3.599193,Illumina NovaSeq 6000,12,METAGENOMIC,SRP489180,ILLUMINA,H21,PAIRED,DAIRY RESEARCH INSTITUTE OF ASTURIAS- SPANISH NATIONAL RESEARCH COUNCIL (IPLA-CSIC),
SRR27931767,WGS,302,3776685764,PRJNA1074714,SAMN39880876,1349435840,18/10/2021,public,SRX23588723,honey,Spanish_PDO,not colected,not colected,Spain,Europe, Granada,37.177846,-3.599193,Illumina NovaSeq 6000,11,METAGENOMIC,SRP489180,ILLUMINA,H20,PAIRED,DAIRY RESEARCH INSTITUTE OF ASTURIAS- SPANISH NATIONAL RESEARCH COUNCIL (IPLA-CSIC),
SRR27931768,WGS,302,4711327746,PRJNA1074714,SAMN39880867,1655075412,18/10/2021,public,SRX23588722,honey,Spanish_PDO,not colected,not colected,Spain,Europe, Granada,37.177846,-3.599193,Illumina NovaSeq 6000,2,METAGENOMIC,SRP489180,ILLUMINA,H10,PAIRED,DAIRY RESEARCH INSTITUTE OF ASTURIAS- SPANISH NATIONAL RESEARCH COUNCIL (IPLA-CSIC),
SRR27931769,WGS,302,3484778906,PRJNA1074714,SAMN39880866,1138728346,18/10/2021,public,SRX23588721,honey,Spanish_PDO,not colected,not colected,Spain,Europe, Granada,37.177846,-3.599193,Illumina NovaSeq 6000,1,METAGENOMIC,SRP489180,ILLUMINA,H9,PAIRED,DAIRY RESEARCH INSTITUTE OF ASTURIAS- SPANISH NATIONAL RESEARCH COUNCIL (IPLA-CSIC),
